clTimestamp,Vehicle Speed,Steering Angle
2024-11-28 20:31:42.925,0.8,-1.0
2024-11-28 20:31:42.929,0.8,-0.7
2024-11-28 20:31:42.978,0.8,-0.7
2024-11-28 20:31:43.026,1.0,-0.7
2024-11-28 20:31:43.029,1.0,-0.7
2024-11-28 20:31:43.080,1.0,-0.7
2024-11-28 20:31:43.127,1.2,-0.7
2024-11-28 20:31:43.127,1.2,-0.7
2024-11-28 20:31:43.179,1.2,-0.7
2024-11-28 20:31:43.227,1.3,-0.7
2024-11-28 20:31:43.231,1.3,-0.7
2024-11-28 20:31:43.279,1.3,-0.7
2024-11-28 20:31:43.328,1.4,-0.7
2024-11-28 20:31:43.329,1.4,-0.7
2024-11-28 20:31:43.378,1.4,-0.7
2024-11-28 20:31:43.429,1.4,-0.7
2024-11-28 20:31:43.430,1.4,-0.7
2024-11-28 20:31:43.480,1.4,-0.3
2024-11-28 20:31:43.528,1.4,-0.3
2024-11-28 20:31:43.530,1.4,-0.3
2024-11-28 20:31:43.580,1.4,5.6
2024-11-28 20:31:43.628,1.4,5.6
2024-11-28 20:31:43.630,1.4,5.6
2024-11-28 20:31:43.679,1.4,11.2
2024-11-28 20:31:43.728,1.4,11.9
2024-11-28 20:31:43.732,1.4,11.9
2024-11-28 20:31:43.779,1.4,11.9
2024-11-28 20:31:43.830,1.4,11.5
2024-11-28 20:31:43.833,1.3,11.5
2024-11-28 20:31:43.878,1.3,11.2
2024-11-28 20:31:43.930,1.3,11.2
2024-11-28 20:31:43.934,1.3,11.2
2024-11-28 20:31:43.977,1.3,8.7
2024-11-28 20:31:44.029,1.3,8.7
2024-11-28 20:31:44.034,1.3,8.7
2024-11-28 20:31:44.080,1.3,5.9
2024-11-28 20:31:44.129,1.3,5.6
2024-11-28 20:31:44.135,1.4,5.6
2024-11-28 20:31:44.180,1.4,5.6
2024-11-28 20:31:44.228,1.4,3.5
2024-11-28 20:31:44.236,1.4,3.5
2024-11-28 20:31:44.279,1.4,3.5
2024-11-28 20:31:44.327,1.4,0.7
2024-11-28 20:31:44.336,1.4,0.7
2024-11-28 20:31:44.378,1.4,0.3
2024-11-28 20:31:44.430,1.4,0.3
2024-11-28 20:31:44.437,1.4,0.3
2024-11-28 20:31:44.477,1.4,0.3
2024-11-28 20:31:44.529,1.4,-1.7
2024-11-28 20:31:44.538,1.4,-1.7
2024-11-28 20:31:44.580,1.4,-1.7
2024-11-28 20:31:44.628,1.4,-2.4
2024-11-28 20:31:44.639,1.4,-2.4
2024-11-28 20:31:44.679,1.4,-2.4
2024-11-28 20:31:44.728,1.4,-2.4
2024-11-28 20:31:44.740,1.4,-2.4
2024-11-28 20:31:44.779,1.4,-2.8
2024-11-28 20:31:44.830,1.4,-2.8
2024-11-28 20:31:44.841,1.4,-2.8
2024-11-28 20:31:44.878,1.4,-2.8
2024-11-28 20:31:44.930,1.4,-2.8
2024-11-28 20:31:44.941,1.4,-2.8
2024-11-28 20:31:44.978,1.4,-2.8
2024-11-28 20:31:45.029,1.4,-2.8
2024-11-28 20:31:45.042,1.4,-2.8
2024-11-28 20:31:45.080,1.4,-2.8
2024-11-28 20:31:45.128,1.4,-2.8
2024-11-28 20:31:45.143,1.4,-2.8
2024-11-28 20:31:45.180,1.4,-2.8
2024-11-28 20:31:45.228,1.4,-2.8
2024-11-28 20:31:45.244,1.4,-2.8
2024-11-28 20:31:45.279,1.4,-2.8
2024-11-28 20:31:45.327,1.4,-2.8
2024-11-28 20:31:45.345,1.4,-2.8
2024-11-28 20:31:45.378,1.4,-2.8
2024-11-28 20:31:45.430,1.4,-2.8
2024-11-28 20:31:45.446,1.4,-2.8
2024-11-28 20:31:45.478,1.4,-2.8
2024-11-28 20:31:45.529,1.4,-2.8
2024-11-28 20:31:45.547,1.4,-2.8
2024-11-28 20:31:45.580,1.4,-2.8
2024-11-28 20:31:45.629,1.4,-2.8
2024-11-28 20:31:45.647,1.4,-2.8
2024-11-28 20:31:45.680,1.4,-2.8
2024-11-28 20:31:45.728,1.4,-2.8
2024-11-28 20:31:45.749,1.4,-2.8
2024-11-28 20:31:45.779,1.4,-2.8
2024-11-28 20:31:45.827,1.4,-2.8
2024-11-28 20:31:45.850,1.4,-2.8
2024-11-28 20:31:45.878,1.4,-2.8
2024-11-28 20:31:45.930,1.4,-2.8
2024-11-28 20:31:45.951,1.4,-2.8
2024-11-28 20:31:45.978,1.4,-2.8
2024-11-28 20:31:46.029,1.4,-2.8
2024-11-28 20:31:46.052,1.4,-2.8
2024-11-28 20:31:46.077,1.4,-2.8
2024-11-28 20:31:46.129,1.4,-2.8
2024-11-28 20:31:46.153,1.4,-2.8
2024-11-28 20:31:46.180,1.4,-2.8
2024-11-28 20:31:46.228,1.4,-2.8
2024-11-28 20:31:46.253,1.4,-2.8
2024-11-28 20:31:46.279,1.4,-2.8
2024-11-28 20:31:46.327,1.4,-2.8
2024-11-28 20:31:46.354,1.4,-2.8
2024-11-28 20:31:46.378,1.4,-2.8
2024-11-28 20:31:46.430,1.4,-2.8
2024-11-28 20:31:46.455,1.4,-2.8
2024-11-28 20:31:46.478,1.4,-2.8
2024-11-28 20:31:46.530,1.4,-2.8
2024-11-28 20:31:46.556,1.4,-2.8
2024-11-28 20:31:46.577,1.4,-2.8
2024-11-28 20:31:46.629,1.4,-2.8
2024-11-28 20:31:46.657,1.3,-2.8
2024-11-28 20:31:46.680,1.3,-2.8
2024-11-28 20:31:46.727,1.3,-2.8
2024-11-28 20:31:46.757,1.4,-2.8
2024-11-28 20:31:46.778,1.4,-2.8
2024-11-28 20:31:46.830,1.4,-2.8
2024-11-28 20:31:46.858,1.4,-2.8
2024-11-28 20:31:46.877,1.4,-2.8
2024-11-28 20:31:46.929,1.4,-2.8
2024-11-28 20:31:46.959,1.4,-2.8
2024-11-28 20:31:46.980,1.4,-2.8
2024-11-28 20:31:47.027,1.4,-2.8
2024-11-28 20:31:47.060,1.4,-2.8
2024-11-28 20:31:47.078,1.4,-2.8
2024-11-28 20:31:47.130,1.4,-2.8
2024-11-28 20:31:47.161,1.4,-2.8
2024-11-28 20:31:47.177,1.4,-2.8
2024-11-28 20:31:47.228,1.4,-2.8
2024-11-28 20:31:47.261,1.4,-2.8
2024-11-28 20:31:47.279,1.4,-2.8
2024-11-28 20:31:47.327,1.4,-2.8
2024-11-28 20:31:47.362,1.4,-2.8
2024-11-28 20:31:47.378,1.4,-2.8
2024-11-28 20:31:47.430,1.4,-2.8
2024-11-28 20:31:47.463,1.4,-2.8
2024-11-28 20:31:47.478,1.4,-2.8
2024-11-28 20:31:47.529,1.4,-2.8
2024-11-28 20:31:47.564,1.4,-2.8
2024-11-28 20:31:47.577,1.4,-2.8
2024-11-28 20:31:47.629,1.4,-2.8
2024-11-28 20:31:47.666,1.4,-2.8
2024-11-28 20:31:47.679,1.4,-2.4
2024-11-28 20:31:47.727,1.4,-2.4
2024-11-28 20:31:47.767,1.4,-2.4
2024-11-28 20:31:47.779,1.4,-2.4
2024-11-28 20:31:47.831,1.4,-2.4
2024-11-28 20:31:47.869,1.4,-2.4
2024-11-28 20:31:47.878,1.4,-2.4
2024-11-28 20:31:47.930,1.4,-2.4
2024-11-28 20:31:47.969,1.4,-2.4
2024-11-28 20:31:47.977,1.4,-2.4
2024-11-28 20:31:48.029,1.4,-2.4
2024-11-28 20:31:48.070,1.4,-2.4
2024-11-28 20:31:48.080,1.4,-2.4
2024-11-28 20:31:48.128,1.4,-2.4
2024-11-28 20:31:48.171,1.4,-2.4
2024-11-28 20:31:48.179,1.4,-2.4
2024-11-28 20:31:48.228,1.4,-2.1
2024-11-28 20:31:48.272,1.4,-2.1
2024-11-28 20:31:48.279,1.4,-2.1
2024-11-28 20:31:48.327,1.4,-2.1
2024-11-28 20:31:48.373,1.4,-2.1
2024-11-28 20:31:48.378,1.4,-2.4
2024-11-28 20:31:48.430,1.4,-2.4
2024-11-28 20:31:48.473,1.5,-2.4
2024-11-28 20:31:48.477,1.5,-2.1
2024-11-28 20:31:48.529,1.5,-1.7
2024-11-28 20:31:48.574,1.4,-1.7
2024-11-28 20:31:48.580,1.4,-1.7
2024-11-28 20:31:48.629,1.4,-1.7
2024-11-28 20:31:48.675,1.4,-1.7
2024-11-28 20:31:48.679,1.4,-1.7
2024-11-28 20:31:48.728,1.4,-1.7
2024-11-28 20:31:48.776,1.4,-1.7
2024-11-28 20:31:48.778,1.4,-1.7
2024-11-28 20:31:48.830,1.4,-1.7
2024-11-28 20:31:48.877,1.4,-1.7
2024-11-28 20:31:48.880,1.4,-1.4
2024-11-28 20:31:48.929,1.4,-1.4
2024-11-28 20:31:48.978,1.4,-1.4
2024-11-28 20:31:48.979,1.4,-1.4
2024-11-28 20:31:49.030,1.4,-1.4
2024-11-28 20:31:49.077,1.4,-1.4
2024-11-28 20:31:49.078,1.4,-1.4
2024-11-28 20:31:49.129,1.4,-1.4
2024-11-28 20:31:49.177,1.4,-1.4
2024-11-28 20:31:49.178,1.4,-1.4
2024-11-28 20:31:49.228,1.4,-1.4
2024-11-28 20:31:49.279,1.5,-1.4
2024-11-28 20:31:49.280,1.5,-1.4
2024-11-28 20:31:49.328,1.5,-1.4
2024-11-28 20:31:49.378,1.5,-1.4
2024-11-28 20:31:49.380,1.5,-1.4
2024-11-28 20:31:49.429,1.5,-1.4
2024-11-28 20:31:49.477,1.5,-1.4
2024-11-28 20:31:49.481,1.5,-1.4
2024-11-28 20:31:49.528,1.5,-1.4
2024-11-28 20:31:49.580,1.5,-1.4
2024-11-28 20:31:49.582,1.5,-1.4
2024-11-28 20:31:49.628,1.5,-1.4
2024-11-28 20:31:49.680,1.5,-1.4
2024-11-28 20:31:49.683,1.4,-1.4
2024-11-28 20:31:49.728,1.4,-1.4
2024-11-28 20:31:49.779,1.4,-1.0
2024-11-28 20:31:49.783,1.4,-1.0
2024-11-28 20:31:49.830,1.4,-1.0
2024-11-28 20:31:49.878,1.4,-1.0
2024-11-28 20:31:49.884,1.4,-1.0
2024-11-28 20:31:49.930,1.4,-1.0
2024-11-28 20:31:49.977,1.4,-1.0
2024-11-28 20:31:49.985,1.4,-1.0
2024-11-28 20:31:50.029,1.4,-1.0
2024-11-28 20:31:50.080,1.4,-1.0
2024-11-28 20:31:50.088,1.4,-1.0
2024-11-28 20:31:50.128,1.4,-1.0
2024-11-28 20:31:50.180,1.4,-1.0
2024-11-28 20:31:50.189,1.4,-1.0
2024-11-28 20:31:50.227,1.4,-1.0
2024-11-28 20:31:50.279,1.4,-1.0
2024-11-28 20:31:50.289,1.4,-1.0
2024-11-28 20:31:50.330,1.4,-1.0
2024-11-28 20:31:50.378,1.4,-1.0
2024-11-28 20:31:50.391,1.4,-1.0
2024-11-28 20:31:50.429,1.4,-1.0
2024-11-28 20:31:50.477,1.4,-1.0
2024-11-28 20:31:50.492,1.5,-1.0
2024-11-28 20:31:50.529,1.5,-1.0
2024-11-28 20:31:50.580,1.5,-1.0
2024-11-28 20:31:50.592,1.4,-1.0
2024-11-28 20:31:50.628,1.4,-1.0
2024-11-28 20:31:50.680,1.4,-1.0
2024-11-28 20:31:50.693,1.4,-1.0
2024-11-28 20:31:50.727,1.4,-1.0
2024-11-28 20:31:50.779,1.4,-1.0
2024-11-28 20:31:50.794,1.5,-1.0
2024-11-28 20:31:50.830,1.5,-1.0
2024-11-28 20:31:50.878,1.5,-1.0
2024-11-28 20:31:50.895,1.5,-1.0
2024-11-28 20:31:50.929,1.5,-1.0
2024-11-28 20:31:50.978,1.5,-1.0
2024-11-28 20:31:50.996,1.4,-1.0
2024-11-28 20:31:51.029,1.4,-1.0
2024-11-28 20:31:51.080,1.4,-1.0
2024-11-28 20:31:51.096,1.4,-1.0
2024-11-28 20:31:51.128,1.4,-1.0
2024-11-28 20:31:51.180,1.4,-1.0
2024-11-28 20:31:51.197,1.4,-1.0
2024-11-28 20:31:51.227,1.4,-1.0
2024-11-28 20:31:51.279,1.4,-1.0
2024-11-28 20:31:51.298,1.4,-1.0
2024-11-28 20:31:51.330,1.4,-1.0
2024-11-28 20:31:51.378,1.4,-1.0
2024-11-28 20:31:51.398,1.5,-1.0
2024-11-28 20:31:51.429,1.5,-1.0
2024-11-28 20:31:51.477,1.5,-1.0
2024-11-28 20:31:51.499,1.5,-1.0
2024-11-28 20:31:51.528,1.5,-1.0
2024-11-28 20:31:51.580,1.5,-1.0
2024-11-28 20:31:51.601,1.5,-1.0
2024-11-28 20:31:51.627,1.5,-1.0
2024-11-28 20:31:51.679,1.5,-1.0
2024-11-28 20:31:51.702,1.4,-1.0
2024-11-28 20:31:51.730,1.4,-1.0
2024-11-28 20:31:51.778,1.4,-1.0
2024-11-28 20:31:51.802,1.4,-1.0
2024-11-28 20:31:51.829,1.4,-1.0
2024-11-28 20:31:51.878,1.4,-1.0
2024-11-28 20:31:51.903,1.5,-1.0
2024-11-28 20:31:51.929,1.5,-1.0
2024-11-28 20:31:51.977,1.5,-1.0
2024-11-28 20:31:52.004,1.4,-1.0
2024-11-28 20:31:52.028,1.4,-1.0
2024-11-28 20:31:52.080,1.4,-1.0
2024-11-28 20:31:52.105,1.4,-1.0
2024-11-28 20:31:52.127,1.4,-1.0
2024-11-28 20:31:52.179,1.4,-1.0
2024-11-28 20:31:52.206,1.4,-1.0
2024-11-28 20:31:52.230,1.4,-1.0
2024-11-28 20:31:52.278,1.4,-1.0
2024-11-28 20:31:52.306,1.4,-1.0
2024-11-28 20:31:52.330,1.4,-1.0
2024-11-28 20:31:52.378,1.4,-1.0
2024-11-28 20:31:52.407,1.4,-1.0
2024-11-28 20:31:52.429,1.4,-1.0
2024-11-28 20:31:52.480,1.4,-1.0
2024-11-28 20:31:52.508,1.4,-1.0
2024-11-28 20:31:52.527,1.4,-1.0
2024-11-28 20:31:52.579,1.4,-1.0
2024-11-28 20:31:52.609,1.4,-1.0
2024-11-28 20:31:52.630,1.4,-1.0
2024-11-28 20:31:52.678,1.4,-1.0
2024-11-28 20:31:52.710,1.4,-1.0
2024-11-28 20:31:52.729,1.4,-1.0
2024-11-28 20:31:52.777,1.4,-1.0
2024-11-28 20:31:52.811,1.4,-1.0
2024-11-28 20:31:52.828,1.4,-1.0
2024-11-28 20:31:52.880,1.4,-1.0
2024-11-28 20:31:52.911,1.4,-1.0
2024-11-28 20:31:52.928,1.4,-1.0
2024-11-28 20:31:52.979,1.4,-1.0
2024-11-28 20:31:53.012,1.4,-1.0
2024-11-28 20:31:53.027,1.4,-1.0
2024-11-28 20:31:53.079,1.4,-1.0
2024-11-28 20:31:53.113,1.5,-1.0
2024-11-28 20:31:53.129,1.5,-1.0
2024-11-28 20:31:53.177,1.5,-1.0
2024-11-28 20:31:53.213,1.5,-1.0
2024-11-28 20:31:53.228,1.5,-1.0
2024-11-28 20:31:53.280,1.5,-1.0
2024-11-28 20:31:53.314,1.5,-1.0
2024-11-28 20:31:53.327,1.5,-1.0
2024-11-28 20:31:53.379,1.5,-1.0
2024-11-28 20:31:53.415,1.5,-1.0
2024-11-28 20:31:53.429,1.5,-1.0
2024-11-28 20:31:53.478,1.5,-1.0
2024-11-28 20:31:53.516,1.5,-1.0
2024-11-28 20:31:53.529,1.5,-1.0
2024-11-28 20:31:53.580,1.5,-1.0
2024-11-28 20:31:53.617,1.5,-1.0
2024-11-28 20:31:53.628,1.5,-1.0
2024-11-28 20:31:53.680,1.5,-1.0
2024-11-28 20:31:53.718,1.5,-1.0
2024-11-28 20:31:53.727,1.5,-1.0
2024-11-28 20:31:53.779,1.5,-1.0
2024-11-28 20:31:53.818,1.5,-1.0
2024-11-28 20:31:53.829,1.5,-1.0
2024-11-28 20:31:53.877,1.5,-1.0
2024-11-28 20:31:53.919,1.5,-1.0
2024-11-28 20:31:53.928,1.5,-1.0
2024-11-28 20:31:53.981,1.5,-1.0
2024-11-28 20:31:54.021,1.5,-1.0
2024-11-28 20:31:54.028,1.5,-1.0
2024-11-28 20:31:54.079,1.5,-1.0
2024-11-28 20:31:54.122,1.5,-1.0
2024-11-28 20:31:54.130,1.5,-1.0
2024-11-28 20:31:54.178,1.5,-1.0
2024-11-28 20:31:54.223,1.5,-1.0
2024-11-28 20:31:54.229,1.5,-1.0
2024-11-28 20:31:54.277,1.5,-1.0
2024-11-28 20:31:54.324,1.5,-1.0
2024-11-28 20:31:54.328,1.5,-1.0
2024-11-28 20:31:54.379,1.5,-1.0
2024-11-28 20:31:54.425,1.5,-1.0
2024-11-28 20:31:54.430,1.5,-1.0
2024-11-28 20:31:54.478,1.5,-1.0
2024-11-28 20:31:54.526,1.5,-1.0
2024-11-28 20:31:54.529,1.5,-1.0
2024-11-28 20:31:54.577,1.5,-1.0
2024-11-28 20:31:54.626,1.5,-1.0
2024-11-28 20:31:54.628,1.5,-1.0
2024-11-28 20:31:54.679,1.5,-1.0
2024-11-28 20:31:54.727,1.5,-1.0
2024-11-28 20:31:54.730,1.5,-1.0
2024-11-28 20:31:54.778,1.5,-1.0
2024-11-28 20:31:54.828,1.5,-1.0
2024-11-28 20:31:54.829,1.5,-1.0
2024-11-28 20:31:54.877,1.5,-1.0
2024-11-28 20:31:54.928,1.5,-1.0
2024-11-28 20:31:54.929,1.5,-1.0
2024-11-28 20:31:54.980,1.5,-1.0
2024-11-28 20:31:55.027,1.5,-1.0
2024-11-28 20:31:55.029,1.5,-1.0
2024-11-28 20:31:55.079,1.5,-1.0
2024-11-28 20:31:55.130,1.5,-1.0
2024-11-28 20:31:55.131,1.5,-1.0
2024-11-28 20:31:55.177,1.5,-1.0
2024-11-28 20:31:55.229,1.5,-1.0
2024-11-28 20:31:55.231,1.5,-1.0
2024-11-28 20:31:55.280,1.5,-1.0
2024-11-28 20:31:55.328,1.5,-1.0
2024-11-28 20:31:55.331,1.5,-1.0
2024-11-28 20:31:55.379,1.5,-1.0
2024-11-28 20:31:55.427,1.5,-1.0
2024-11-28 20:31:55.432,1.5,-1.0
2024-11-28 20:31:55.478,1.5,-1.0
2024-11-28 20:31:55.530,1.5,-1.0
2024-11-28 20:31:55.533,1.5,-1.0
2024-11-28 20:31:55.577,1.5,-1.0
2024-11-28 20:31:55.629,1.5,-1.0
2024-11-28 20:31:55.634,1.5,-1.0
2024-11-28 20:31:55.680,1.5,-1.0
2024-11-28 20:31:55.728,1.5,-1.0
2024-11-28 20:31:55.734,1.5,-1.0
2024-11-28 20:31:55.778,1.5,-1.0
2024-11-28 20:31:55.830,1.5,-1.0
2024-11-28 20:31:55.835,1.5,-1.0
2024-11-28 20:31:55.878,1.5,-1.0
2024-11-28 20:31:55.930,1.5,-1.0
2024-11-28 20:31:55.936,1.5,-1.0
2024-11-28 20:31:55.977,1.5,-1.0
2024-11-28 20:31:56.029,1.5,-1.0
2024-11-28 20:31:56.037,1.5,-1.0
2024-11-28 20:31:56.080,1.5,-1.0
2024-11-28 20:31:56.128,1.5,-1.0
2024-11-28 20:31:56.137,1.5,-1.0
2024-11-28 20:31:56.180,1.5,-1.4
2024-11-28 20:31:56.227,1.5,-1.4
2024-11-28 20:31:56.238,1.5,-1.4
2024-11-28 20:31:56.278,1.5,-1.4
2024-11-28 20:31:56.329,1.5,-1.4
2024-11-28 20:31:56.338,1.5,-1.4
2024-11-28 20:31:56.378,1.5,-1.4
2024-11-28 20:31:56.429,1.5,-1.7
2024-11-28 20:31:56.440,1.5,-1.7
2024-11-28 20:31:56.479,1.5,-1.7
2024-11-28 20:31:56.527,1.5,-2.4
2024-11-28 20:31:56.541,1.5,-2.4
2024-11-28 20:31:56.579,1.5,-5.2
2024-11-28 20:31:56.630,1.5,-5.2
2024-11-28 20:31:56.642,1.5,-5.2
2024-11-28 20:31:56.678,1.5,-8.0
2024-11-28 20:31:56.730,1.5,-8.0
2024-11-28 20:31:56.743,1.5,-8.0
2024-11-28 20:31:56.780,1.5,-8.0
2024-11-28 20:31:56.829,1.5,-11.6
2024-11-28 20:31:56.843,1.5,-11.6
2024-11-28 20:31:56.880,1.5,-11.6
2024-11-28 20:31:56.928,1.5,-18.2
2024-11-28 20:31:56.944,1.5,-18.2
2024-11-28 20:31:56.979,1.5,-18.2
2024-11-28 20:31:57.027,1.5,-21.0
2024-11-28 20:31:57.045,1.5,-21.0
2024-11-28 20:31:57.079,1.5,-22.1
2024-11-28 20:31:57.127,1.5,-22.1
2024-11-28 20:31:57.146,1.5,-22.1
2024-11-28 20:31:57.178,1.5,-28.8
2024-11-28 20:31:57.230,1.5,-32.3
2024-11-28 20:31:57.247,1.5,-32.3
2024-11-28 20:31:57.278,1.5,-32.3
2024-11-28 20:31:57.329,1.5,-30.2
2024-11-28 20:31:57.347,1.5,-30.2
2024-11-28 20:31:57.380,1.5,-30.2
2024-11-28 20:31:57.428,1.5,-29.1
2024-11-28 20:31:57.448,1.5,-29.1
2024-11-28 20:31:57.479,1.5,-29.1
2024-11-28 20:31:57.527,1.5,-29.1
2024-11-28 20:31:57.549,1.5,-29.1
2024-11-28 20:31:57.578,1.5,-29.1
2024-11-28 20:31:57.630,1.5,-29.1
2024-11-28 20:31:57.650,1.5,-29.1
2024-11-28 20:31:57.677,1.5,-29.1
2024-11-28 20:31:57.728,1.5,-29.1
2024-11-28 20:31:57.751,1.5,-29.1
2024-11-28 20:31:57.780,1.5,-29.1
2024-11-28 20:31:57.828,1.5,-29.1
2024-11-28 20:31:57.852,1.5,-29.1
2024-11-28 20:31:57.878,1.5,-29.1
2024-11-28 20:31:57.930,1.5,-29.1
2024-11-28 20:31:57.953,1.5,-29.1
2024-11-28 20:31:57.977,1.5,-29.1
2024-11-28 20:31:58.029,1.5,-29.1
2024-11-28 20:31:58.053,1.5,-29.1
2024-11-28 20:31:58.080,1.5,-29.1
2024-11-28 20:31:58.128,1.5,-29.1
2024-11-28 20:31:58.154,1.5,-29.1
2024-11-28 20:31:58.179,1.5,-29.1
2024-11-28 20:31:58.228,1.5,-29.1
2024-11-28 20:31:58.255,1.5,-29.1
2024-11-28 20:31:58.279,1.5,-29.1
2024-11-28 20:31:58.327,1.5,-28.4
2024-11-28 20:31:58.356,1.6,-28.4
2024-11-28 20:31:58.378,1.6,-25.6
2024-11-28 20:31:58.430,1.6,-25.6
2024-11-28 20:31:58.456,1.6,-25.6
2024-11-28 20:31:58.478,1.6,-24.2
2024-11-28 20:31:58.529,1.6,-24.2
2024-11-28 20:31:58.557,1.6,-24.2
2024-11-28 20:31:58.577,1.6,-23.5
2024-11-28 20:31:58.628,1.6,-20.7
2024-11-28 20:31:58.658,1.6,-20.7
2024-11-28 20:31:58.680,1.6,-20.7
2024-11-28 20:31:58.728,1.6,-19.3
2024-11-28 20:31:58.759,1.6,-19.3
2024-11-28 20:31:58.779,1.6,-19.3
2024-11-28 20:31:58.828,1.6,-18.9
2024-11-28 20:31:58.860,1.6,-18.9
2024-11-28 20:31:58.878,1.6,-17.9
2024-11-28 20:31:58.930,1.6,-17.9
2024-11-28 20:31:58.961,1.6,-17.9
2024-11-28 20:31:58.978,1.6,-17.5
2024-11-28 20:31:59.030,1.6,-16.1
2024-11-28 20:31:59.061,1.6,-16.1
2024-11-28 20:31:59.077,1.6,-16.1
2024-11-28 20:31:59.129,1.6,-14.0
2024-11-28 20:31:59.162,1.6,-14.0
2024-11-28 20:31:59.180,1.6,-14.0
2024-11-28 20:31:59.228,1.6,-14.0
2024-11-28 20:31:59.264,1.6,-14.0
2024-11-28 20:31:59.280,1.6,-11.9
2024-11-28 20:31:59.328,1.6,-11.9
2024-11-28 20:31:59.364,1.6,-11.9
2024-11-28 20:31:59.378,1.6,-10.1
2024-11-28 20:31:59.429,1.6,-10.1
2024-11-28 20:31:59.465,1.6,-10.1
2024-11-28 20:31:59.480,1.6,-9.8
2024-11-28 20:31:59.528,1.6,-7.3
2024-11-28 20:31:59.566,1.6,-7.3
2024-11-28 20:31:59.580,1.6,-7.3
2024-11-28 20:31:59.628,1.6,-5.6
2024-11-28 20:31:59.667,1.6,-5.6
2024-11-28 20:31:59.679,1.6,-4.5
2024-11-28 20:31:59.727,1.6,-4.5
2024-11-28 20:31:59.768,1.6,-4.5
2024-11-28 20:31:59.778,1.6,-2.8
2024-11-28 20:31:59.830,1.6,-2.8
2024-11-28 20:31:59.868,1.6,-2.8
2024-11-28 20:31:59.877,1.6,-2.8
2024-11-28 20:31:59.929,1.6,-1.7
2024-11-28 20:31:59.969,1.6,-1.7
2024-11-28 20:31:59.980,1.6,-1.7
2024-11-28 20:32:00.027,1.6,-0.3
2024-11-28 20:32:00.070,1.6,-0.3
2024-11-28 20:32:00.079,1.6,-0.3
2024-11-28 20:32:00.127,1.6,-0.3
2024-11-28 20:32:00.170,1.6,-0.3
2024-11-28 20:32:00.178,1.6,-0.3
2024-11-28 20:32:00.230,1.6,-0.3
2024-11-28 20:32:00.271,1.6,-0.3
2024-11-28 20:32:00.278,1.6,-0.0
2024-11-28 20:32:00.329,1.6,1.7
2024-11-28 20:32:00.372,1.6,1.7
2024-11-28 20:32:00.377,1.6,1.7
2024-11-28 20:32:00.430,1.6,1.7
2024-11-28 20:32:00.473,1.6,1.7
2024-11-28 20:32:00.480,1.6,1.7
2024-11-28 20:32:00.528,1.6,2.1
2024-11-28 20:32:00.573,1.6,2.1
2024-11-28 20:32:00.579,1.6,2.1
2024-11-28 20:32:00.627,1.6,2.1
2024-11-28 20:32:00.674,1.6,2.1
2024-11-28 20:32:00.678,1.6,2.4
2024-11-28 20:32:00.730,1.6,2.4
2024-11-28 20:32:00.775,1.6,2.4
2024-11-28 20:32:00.778,1.6,2.4
2024-11-28 20:32:00.830,1.6,2.4
2024-11-28 20:32:00.875,1.6,2.4
2024-11-28 20:32:00.877,1.6,2.4
2024-11-28 20:32:00.929,1.6,2.4
2024-11-28 20:32:00.976,1.6,2.4
2024-11-28 20:32:00.980,1.6,2.4
2024-11-28 20:32:01.028,1.6,2.4
2024-11-28 20:32:01.077,1.6,2.4
2024-11-28 20:32:01.079,1.6,2.8
2024-11-28 20:32:01.127,1.6,2.8
2024-11-28 20:32:01.178,1.6,2.8
2024-11-28 20:32:01.179,1.6,3.1
2024-11-28 20:32:01.230,1.6,3.1
2024-11-28 20:32:01.278,1.6,3.1
2024-11-28 20:32:01.279,1.6,3.1
2024-11-28 20:32:01.330,1.6,3.1
2024-11-28 20:32:01.378,1.6,3.1
2024-11-28 20:32:01.379,1.6,3.1
2024-11-28 20:32:01.428,1.6,3.5
2024-11-28 20:32:01.480,1.6,3.5
2024-11-28 20:32:01.481,1.6,3.5
2024-11-28 20:32:01.527,1.6,3.5
2024-11-28 20:32:01.579,1.6,3.5
2024-11-28 20:32:01.581,1.6,3.5
2024-11-28 20:32:01.631,1.6,3.5
2024-11-28 20:32:01.678,1.6,3.5
2024-11-28 20:32:01.682,1.6,3.5
2024-11-28 20:32:01.730,1.6,3.5
2024-11-28 20:32:01.778,1.6,3.5
2024-11-28 20:32:01.782,1.6,3.5
2024-11-28 20:32:01.829,1.6,3.5
2024-11-28 20:32:01.877,1.6,3.5
2024-11-28 20:32:01.883,1.6,3.5
2024-11-28 20:32:01.928,1.6,3.8
2024-11-28 20:32:01.980,1.6,5.2
2024-11-28 20:32:01.984,1.6,5.2
2024-11-28 20:32:02.028,1.6,5.2
2024-11-28 20:32:02.079,1.6,5.2
2024-11-28 20:32:02.085,1.6,5.2
2024-11-28 20:32:02.131,1.6,5.6
2024-11-28 20:32:02.179,1.6,5.6
2024-11-28 20:32:02.185,1.6,5.6
2024-11-28 20:32:02.230,1.6,7.7
2024-11-28 20:32:02.278,1.6,7.7
2024-11-28 20:32:02.286,1.6,7.7
2024-11-28 20:32:02.329,1.6,8.0
2024-11-28 20:32:02.378,1.6,8.4
2024-11-28 20:32:02.387,1.6,8.4
2024-11-28 20:32:02.428,1.6,8.4
2024-11-28 20:32:02.480,1.6,8.4
2024-11-28 20:32:02.488,1.6,8.4
2024-11-28 20:32:02.530,1.6,8.4
2024-11-28 20:32:02.578,1.6,8.4
2024-11-28 20:32:02.589,1.6,8.4
2024-11-28 20:32:02.629,1.6,8.7
2024-11-28 20:32:02.677,1.6,8.7
2024-11-28 20:32:02.690,1.6,8.7
2024-11-28 20:32:02.729,1.6,8.7
2024-11-28 20:32:02.780,1.6,8.4
2024-11-28 20:32:02.790,1.6,8.4
2024-11-28 20:32:02.828,1.6,8.4
2024-11-28 20:32:02.880,1.6,8.4
2024-11-28 20:32:02.892,1.6,8.4
2024-11-28 20:32:02.927,1.6,8.4
2024-11-28 20:32:02.979,1.6,8.4
2024-11-28 20:32:02.992,1.6,8.4
2024-11-28 20:32:03.030,1.6,8.4
2024-11-28 20:32:03.078,1.6,8.4
2024-11-28 20:32:03.093,1.6,8.4
2024-11-28 20:32:03.131,1.6,8.4
2024-11-28 20:32:03.177,1.6,8.4
2024-11-28 20:32:03.194,1.6,8.4
2024-11-28 20:32:03.229,1.6,8.4
2024-11-28 20:32:03.281,1.6,8.7
2024-11-28 20:32:03.295,1.6,8.7
2024-11-28 20:32:03.328,1.6,8.7
2024-11-28 20:32:03.379,1.6,9.1
2024-11-28 20:32:03.396,1.6,9.1
2024-11-28 20:32:03.427,1.6,11.2
2024-11-28 20:32:03.479,1.6,11.2
2024-11-28 20:32:03.498,1.6,11.2
2024-11-28 20:32:03.530,1.6,11.5
2024-11-28 20:32:03.578,1.6,11.5
2024-11-28 20:32:03.599,1.6,11.5
2024-11-28 20:32:03.629,1.6,12.6
2024-11-28 20:32:03.678,1.6,16.5
2024-11-28 20:32:03.700,1.6,16.5
2024-11-28 20:32:03.729,1.6,16.5
2024-11-28 20:32:03.779,1.6,16.8
2024-11-28 20:32:03.801,1.7,16.8
2024-11-28 20:32:03.830,1.7,16.8
2024-11-28 20:32:03.877,1.7,17.2
2024-11-28 20:32:03.901,1.6,17.2
2024-11-28 20:32:03.929,1.6,17.9
2024-11-28 20:32:03.981,1.6,17.9
2024-11-28 20:32:04.002,1.7,17.9
2024-11-28 20:32:04.028,1.7,17.5
2024-11-28 20:32:04.080,1.7,17.5
2024-11-28 20:32:04.103,1.7,17.5
2024-11-28 20:32:04.127,1.7,17.5
2024-11-28 20:32:04.178,1.7,17.5
2024-11-28 20:32:04.203,1.7,17.5
2024-11-28 20:32:04.230,1.7,17.5
2024-11-28 20:32:04.277,1.7,17.5
2024-11-28 20:32:04.304,1.7,17.5
2024-11-28 20:32:04.328,1.7,17.5
2024-11-28 20:32:04.379,1.7,17.5
2024-11-28 20:32:04.405,1.7,17.5
2024-11-28 20:32:04.430,1.7,17.5
2024-11-28 20:32:04.478,1.7,17.5
2024-11-28 20:32:04.506,1.7,17.5
2024-11-28 20:32:04.529,1.7,17.5
2024-11-28 20:32:04.577,1.7,17.5
2024-11-28 20:32:04.606,1.7,17.5
2024-11-28 20:32:04.628,1.7,17.5
2024-11-28 20:32:04.680,1.7,17.5
2024-11-28 20:32:04.707,1.7,17.5
2024-11-28 20:32:04.727,1.7,17.5
2024-11-28 20:32:04.779,1.7,17.9
2024-11-28 20:32:04.808,1.7,17.9
2024-11-28 20:32:04.830,1.7,17.9
2024-11-28 20:32:04.877,1.7,17.9
2024-11-28 20:32:04.909,1.7,17.9
2024-11-28 20:32:04.929,1.7,19.3
2024-11-28 20:32:04.980,1.7,22.1
2024-11-28 20:32:05.009,1.7,22.1
2024-11-28 20:32:05.028,1.7,22.1
2024-11-28 20:32:05.079,1.7,22.1
2024-11-28 20:32:05.110,1.7,22.1
2024-11-28 20:32:05.130,1.7,22.1
2024-11-28 20:32:05.177,1.7,22.4
2024-11-28 20:32:05.211,1.6,22.4
2024-11-28 20:32:05.228,1.6,23.1
2024-11-28 20:32:05.280,1.6,23.1
2024-11-28 20:32:05.312,1.6,23.1
2024-11-28 20:32:05.328,1.6,23.5
2024-11-28 20:32:05.380,1.6,23.5
2024-11-28 20:32:05.412,1.6,23.5
2024-11-28 20:32:05.427,1.6,23.5
2024-11-28 20:32:05.479,1.6,23.8
2024-11-28 20:32:05.513,1.6,23.8
2024-11-28 20:32:05.530,1.6,23.8
2024-11-28 20:32:05.578,1.6,24.6
2024-11-28 20:32:05.614,1.7,24.6
2024-11-28 20:32:05.629,1.7,25.3
2024-11-28 20:32:05.677,1.7,25.3
2024-11-28 20:32:05.715,1.6,25.3
2024-11-28 20:32:05.729,1.6,25.3
2024-11-28 20:32:05.777,1.6,25.3
2024-11-28 20:32:05.817,1.7,25.3
2024-11-28 20:32:05.828,1.7,25.3
2024-11-28 20:32:05.880,1.7,25.3
2024-11-28 20:32:05.918,1.7,25.3
2024-11-28 20:32:05.930,1.7,25.3
2024-11-28 20:32:05.978,1.7,25.3
2024-11-28 20:32:06.019,1.7,25.3
2024-11-28 20:32:06.029,1.7,25.3
2024-11-28 20:32:06.077,1.7,25.3
2024-11-28 20:32:06.120,1.6,25.3
2024-11-28 20:32:06.128,1.6,25.3
2024-11-28 20:32:06.180,1.6,25.3
2024-11-28 20:32:06.220,1.6,25.3
2024-11-28 20:32:06.227,1.6,25.3
2024-11-28 20:32:06.279,1.6,25.3
2024-11-28 20:32:06.321,1.6,25.3
2024-11-28 20:32:06.330,1.6,25.3
2024-11-28 20:32:06.378,1.6,25.3
2024-11-28 20:32:06.422,1.6,25.3
2024-11-28 20:32:06.429,1.6,24.6
2024-11-28 20:32:06.480,1.6,24.6
2024-11-28 20:32:06.522,1.6,24.6
2024-11-28 20:32:06.527,1.6,24.6
2024-11-28 20:32:06.579,1.6,24.6
2024-11-28 20:32:06.623,1.6,24.6
2024-11-28 20:32:06.630,1.6,24.2
2024-11-28 20:32:06.679,1.6,23.5
2024-11-28 20:32:06.724,1.7,23.5
2024-11-28 20:32:06.729,1.7,23.5
2024-11-28 20:32:06.777,1.7,23.5
2024-11-28 20:32:06.825,1.7,23.5
2024-11-28 20:32:06.829,1.7,23.5
2024-11-28 20:32:06.880,1.7,23.5
2024-11-28 20:32:06.926,1.7,23.5
2024-11-28 20:32:06.927,1.7,23.5
2024-11-28 20:32:06.979,1.7,23.5
2024-11-28 20:32:07.026,1.6,23.5
2024-11-28 20:32:07.029,1.6,23.5
2024-11-28 20:32:07.077,1.6,23.5
2024-11-28 20:32:07.127,1.6,23.5
2024-11-28 20:32:07.129,1.6,23.5
2024-11-28 20:32:07.177,1.6,23.5
2024-11-28 20:32:07.228,1.6,23.5
2024-11-28 20:32:07.228,1.6,23.5
2024-11-28 20:32:07.280,1.6,23.5
2024-11-28 20:32:07.328,1.6,23.5
2024-11-28 20:32:07.329,1.7,23.5
2024-11-28 20:32:07.378,1.7,23.5
2024-11-28 20:32:07.430,1.6,23.5
2024-11-28 20:32:07.431,1.6,23.5
2024-11-28 20:32:07.478,1.6,23.5
2024-11-28 20:32:07.529,1.6,23.5
2024-11-28 20:32:07.530,1.7,23.5
2024-11-28 20:32:07.580,1.7,23.5
2024-11-28 20:32:07.628,1.7,23.5
2024-11-28 20:32:07.631,1.7,23.5
2024-11-28 20:32:07.679,1.7,23.5
2024-11-28 20:32:07.728,1.7,23.5
2024-11-28 20:32:07.732,1.6,23.5
2024-11-28 20:32:07.779,1.6,23.5
2024-11-28 20:32:07.830,1.6,23.5
2024-11-28 20:32:07.834,1.6,23.5
2024-11-28 20:32:07.878,1.6,23.5
2024-11-28 20:32:07.929,1.6,23.5
2024-11-28 20:32:07.933,1.6,23.5
2024-11-28 20:32:07.981,1.6,23.5
2024-11-28 20:32:08.028,1.6,23.5
2024-11-28 20:32:08.034,1.7,23.5
2024-11-28 20:32:08.080,1.7,23.5
2024-11-28 20:32:08.127,1.7,23.5
2024-11-28 20:32:08.135,1.7,23.5
2024-11-28 20:32:08.179,1.7,23.8
2024-11-28 20:32:08.227,1.7,24.6
2024-11-28 20:32:08.236,1.7,24.6
2024-11-28 20:32:08.278,1.7,24.6
2024-11-28 20:32:08.330,1.7,26.7
2024-11-28 20:32:08.336,1.7,26.7
2024-11-28 20:32:08.378,1.7,27.0
2024-11-28 20:32:08.429,1.7,27.0
2024-11-28 20:32:08.437,1.7,27.0
2024-11-28 20:32:08.477,1.7,27.7
2024-11-28 20:32:08.528,1.7,27.7
2024-11-28 20:32:08.538,1.7,27.7
2024-11-28 20:32:08.579,1.7,28.8
2024-11-28 20:32:08.628,1.7,29.5
2024-11-28 20:32:08.639,1.7,29.5
2024-11-28 20:32:08.678,1.7,29.5
2024-11-28 20:32:08.729,1.7,29.5
2024-11-28 20:32:08.740,1.7,29.5
2024-11-28 20:32:08.777,1.7,29.5
2024-11-28 20:32:08.829,1.7,29.5
2024-11-28 20:32:08.840,1.7,29.5
2024-11-28 20:32:08.880,1.7,29.5
2024-11-28 20:32:08.928,1.7,29.5
2024-11-28 20:32:08.941,1.7,29.5
2024-11-28 20:32:08.979,1.7,29.5
2024-11-28 20:32:09.027,1.7,29.5
2024-11-28 20:32:09.042,1.7,29.5
2024-11-28 20:32:09.078,1.7,29.5
2024-11-28 20:32:09.130,1.7,29.1
2024-11-28 20:32:09.143,1.7,29.1
2024-11-28 20:32:09.178,1.7,29.1
2024-11-28 20:32:09.230,1.7,28.8
2024-11-28 20:32:09.244,1.7,28.8
2024-11-28 20:32:09.277,1.7,27.0
2024-11-28 20:32:09.329,1.7,27.0
2024-11-28 20:32:09.345,1.7,27.0
2024-11-28 20:32:09.380,1.7,24.9
2024-11-28 20:32:09.427,1.7,24.9
2024-11-28 20:32:09.446,1.7,24.9
2024-11-28 20:32:09.478,1.7,24.9
2024-11-28 20:32:09.529,1.7,24.9
2024-11-28 20:32:09.546,1.7,24.9
2024-11-28 20:32:09.577,1.7,24.9
2024-11-28 20:32:09.629,1.7,24.6
2024-11-28 20:32:09.647,1.8,24.6
2024-11-28 20:32:09.680,1.8,24.6
2024-11-28 20:32:09.728,1.8,24.6
2024-11-28 20:32:09.748,1.7,24.6
2024-11-28 20:32:09.780,1.7,24.6
2024-11-28 20:32:09.827,1.7,24.6
2024-11-28 20:32:09.849,1.7,24.6
2024-11-28 20:32:09.878,1.7,24.6
2024-11-28 20:32:09.930,1.7,24.6
2024-11-28 20:32:09.950,1.7,24.6
2024-11-28 20:32:09.978,1.7,24.6
2024-11-28 20:32:10.029,1.7,24.6
2024-11-28 20:32:10.051,1.7,24.6
2024-11-28 20:32:10.077,1.7,24.6
2024-11-28 20:32:10.129,1.7,24.6
2024-11-28 20:32:10.152,1.7,24.6
2024-11-28 20:32:10.180,1.7,24.6
2024-11-28 20:32:10.228,1.7,24.6
2024-11-28 20:32:10.253,1.7,24.6
2024-11-28 20:32:10.279,1.7,24.2
2024-11-28 20:32:10.327,1.7,24.2
2024-11-28 20:32:10.354,1.7,24.2
2024-11-28 20:32:10.379,1.7,24.2
2024-11-28 20:32:10.430,1.7,22.8
2024-11-28 20:32:10.454,1.7,22.8
2024-11-28 20:32:10.478,1.7,22.8
2024-11-28 20:32:10.529,1.7,22.1
2024-11-28 20:32:10.555,1.7,22.1
2024-11-28 20:32:10.577,1.7,21.4
2024-11-28 20:32:10.629,1.7,21.4
2024-11-28 20:32:10.656,1.7,21.4
2024-11-28 20:32:10.679,1.7,20.3
2024-11-28 20:32:10.727,1.7,20.3
2024-11-28 20:32:10.757,1.7,20.3
2024-11-28 20:32:10.779,1.7,20.3
2024-11-28 20:32:10.827,1.7,19.6
2024-11-28 20:32:10.857,1.7,19.6
2024-11-28 20:32:10.878,1.7,19.6
2024-11-28 20:32:10.930,1.7,19.3
2024-11-28 20:32:10.958,1.7,19.3
2024-11-28 20:32:10.978,1.7,19.3
2024-11-28 20:32:11.029,1.7,18.9
2024-11-28 20:32:11.059,1.7,18.9
2024-11-28 20:32:11.077,1.7,18.6
2024-11-28 20:32:11.128,1.7,18.6
2024-11-28 20:32:11.160,1.7,18.6
2024-11-28 20:32:11.179,1.7,18.2
2024-11-28 20:32:11.227,1.7,18.2
2024-11-28 20:32:11.261,1.7,18.2
2024-11-28 20:32:11.278,1.7,18.2
2024-11-28 20:32:11.330,1.7,18.2
2024-11-28 20:32:11.362,1.7,18.2
2024-11-28 20:32:11.377,1.7,18.2
2024-11-28 20:32:11.428,1.7,18.2
2024-11-28 20:32:11.462,1.7,18.2
2024-11-28 20:32:11.479,1.7,18.2
2024-11-28 20:32:11.530,1.7,18.2
2024-11-28 20:32:11.563,1.7,18.2
2024-11-28 20:32:11.578,1.7,18.2
2024-11-28 20:32:11.629,1.7,18.2
2024-11-28 20:32:11.664,1.7,18.2
2024-11-28 20:32:11.677,1.7,18.2
2024-11-28 20:32:11.729,1.7,18.2
2024-11-28 20:32:11.765,1.7,18.2
2024-11-28 20:32:11.780,1.7,18.2
2024-11-28 20:32:11.828,1.7,16.8
2024-11-28 20:32:11.865,1.7,16.8
2024-11-28 20:32:11.879,1.7,16.5
2024-11-28 20:32:11.928,1.7,16.5
2024-11-28 20:32:11.966,1.7,16.5
2024-11-28 20:32:11.979,1.7,15.8
2024-11-28 20:32:12.027,1.7,15.8
2024-11-28 20:32:12.067,1.7,15.8
2024-11-28 20:32:12.078,1.7,15.4
2024-11-28 20:32:12.130,1.7,15.1
2024-11-28 20:32:12.169,1.7,15.1
2024-11-28 20:32:12.178,1.7,15.1
2024-11-28 20:32:12.229,1.7,14.4
2024-11-28 20:32:12.269,1.7,14.4
2024-11-28 20:32:12.280,1.7,14.4
2024-11-28 20:32:12.328,1.7,14.0
2024-11-28 20:32:12.371,1.7,14.0
2024-11-28 20:32:12.379,1.7,13.7
2024-11-28 20:32:12.427,1.7,13.7
2024-11-28 20:32:12.472,1.7,13.7
2024-11-28 20:32:12.478,1.7,13.3
2024-11-28 20:32:12.530,1.7,13.3
2024-11-28 20:32:12.573,1.7,13.3
2024-11-28 20:32:12.577,1.7,13.3
2024-11-28 20:32:12.629,1.7,13.3
2024-11-28 20:32:12.673,1.7,13.3
2024-11-28 20:32:12.680,1.7,13.3
2024-11-28 20:32:12.728,1.7,12.6
2024-11-28 20:32:12.774,1.7,12.6
2024-11-28 20:32:12.780,1.7,12.6
2024-11-28 20:32:12.828,1.7,12.6
2024-11-28 20:32:12.875,1.7,12.6
2024-11-28 20:32:12.879,1.7,12.3
2024-11-28 20:32:12.927,1.7,12.3
2024-11-28 20:32:12.976,1.7,12.3
2024-11-28 20:32:12.978,1.7,12.3
2024-11-28 20:32:13.030,1.7,12.3
2024-11-28 20:32:13.077,1.7,12.3
2024-11-28 20:32:13.077,1.7,12.3
2024-11-28 20:32:13.129,1.7,12.3
2024-11-28 20:32:13.177,1.7,12.3
2024-11-28 20:32:13.178,1.7,12.3
2024-11-28 20:32:13.228,1.7,12.3
2024-11-28 20:32:13.278,1.8,12.3
2024-11-28 20:32:13.280,1.8,12.3
2024-11-28 20:32:13.328,1.8,12.3
2024-11-28 20:32:13.379,1.8,12.3
2024-11-28 20:32:13.380,1.8,11.9
2024-11-28 20:32:13.431,1.8,10.8
2024-11-28 20:32:13.478,1.8,10.8
2024-11-28 20:32:13.480,1.8,10.8
2024-11-28 20:32:13.529,1.8,10.8
2024-11-28 20:32:13.578,1.8,10.8
2024-11-28 20:32:13.581,1.8,10.8
2024-11-28 20:32:13.629,1.8,10.5
2024-11-28 20:32:13.677,1.8,10.1
2024-11-28 20:32:13.681,1.8,10.1
2024-11-28 20:32:13.728,1.8,10.1
2024-11-28 20:32:13.780,1.8,10.1
2024-11-28 20:32:13.782,1.8,10.1
2024-11-28 20:32:13.827,1.8,10.1
2024-11-28 20:32:13.879,1.8,10.1
2024-11-28 20:32:13.883,1.8,10.1
2024-11-28 20:32:13.927,1.8,9.1
2024-11-28 20:32:13.979,1.8,9.1
2024-11-28 20:32:13.983,1.8,9.1
2024-11-28 20:32:14.030,1.8,9.1
2024-11-28 20:32:14.078,1.8,9.1
2024-11-28 20:32:14.085,1.8,9.1
2024-11-28 20:32:14.129,1.8,9.1
2024-11-28 20:32:14.177,1.8,8.7
2024-11-28 20:32:14.187,1.8,8.7
2024-11-28 20:32:14.228,1.8,8.7
2024-11-28 20:32:14.280,1.8,8.7
2024-11-28 20:32:14.287,1.8,8.7
2024-11-28 20:32:14.327,1.8,8.7
2024-11-28 20:32:14.379,1.8,8.7
2024-11-28 20:32:14.388,1.8,8.7
2024-11-28 20:32:14.430,1.8,8.7
2024-11-28 20:32:14.478,1.8,8.7
2024-11-28 20:32:14.489,1.8,8.7
2024-11-28 20:32:14.528,1.8,8.7
2024-11-28 20:32:14.580,1.8,8.7
2024-11-28 20:32:14.590,1.8,8.7
2024-11-28 20:32:14.628,1.8,8.7
2024-11-28 20:32:14.679,1.8,8.7
2024-11-28 20:32:14.691,1.8,8.7
2024-11-28 20:32:14.727,1.8,8.7
2024-11-28 20:32:14.779,1.8,8.7
2024-11-28 20:32:14.791,1.8,8.7
2024-11-28 20:32:14.830,1.8,8.7
2024-11-28 20:32:14.878,1.8,8.7
2024-11-28 20:32:14.892,1.8,8.7
2024-11-28 20:32:14.929,1.8,8.7
2024-11-28 20:32:14.977,1.8,8.7
2024-11-28 20:32:14.993,1.8,8.7
2024-11-28 20:32:15.029,1.8,8.7
2024-11-28 20:32:15.080,1.8,8.7
2024-11-28 20:32:15.094,1.8,8.7
2024-11-28 20:32:15.127,1.8,8.7
2024-11-28 20:32:15.178,1.8,8.7
2024-11-28 20:32:15.194,1.8,8.7
2024-11-28 20:32:15.230,1.8,8.7
2024-11-28 20:32:15.277,1.8,8.7
2024-11-28 20:32:15.295,1.8,8.7
2024-11-28 20:32:15.328,1.8,8.7
2024-11-28 20:32:15.380,1.8,8.7
2024-11-28 20:32:15.396,1.8,8.7
2024-11-28 20:32:15.427,1.8,8.7
2024-11-28 20:32:15.480,1.8,9.1
2024-11-28 20:32:15.497,1.8,9.1
2024-11-28 20:32:15.527,1.8,9.1
2024-11-28 20:32:15.579,1.8,9.1
2024-11-28 20:32:15.598,1.8,9.1
2024-11-28 20:32:15.630,1.8,9.4
2024-11-28 20:32:15.678,1.8,9.4
2024-11-28 20:32:15.698,1.8,9.4
2024-11-28 20:32:15.729,1.8,9.8
2024-11-28 20:32:15.777,1.8,9.8
2024-11-28 20:32:15.799,1.8,9.8
2024-11-28 20:32:15.828,1.8,9.8
2024-11-28 20:32:15.880,1.8,10.1
2024-11-28 20:32:15.900,1.8,10.1
2024-11-28 20:32:15.928,1.8,10.1
2024-11-28 20:32:15.980,1.8,10.5
2024-11-28 20:32:16.001,1.8,10.5
2024-11-28 20:32:16.027,1.8,10.5
2024-11-28 20:32:16.079,1.8,10.5
2024-11-28 20:32:16.102,1.8,10.5
2024-11-28 20:32:16.130,1.8,10.5
2024-11-28 20:32:16.177,1.8,10.5
2024-11-28 20:32:16.202,1.8,10.5
2024-11-28 20:32:16.228,1.8,10.1
2024-11-28 20:32:16.280,1.8,10.1
2024-11-28 20:32:16.304,1.8,10.1
2024-11-28 20:32:16.328,1.8,10.1
2024-11-28 20:32:16.380,1.8,10.1
2024-11-28 20:32:16.405,1.8,10.1
2024-11-28 20:32:16.427,1.8,10.1
2024-11-28 20:32:16.478,1.8,10.1
2024-11-28 20:32:16.506,1.8,10.1
2024-11-28 20:32:16.530,1.8,10.1
2024-11-28 20:32:16.578,1.8,10.1
2024-11-28 20:32:16.606,1.8,10.1
2024-11-28 20:32:16.629,1.8,10.1
2024-11-28 20:32:16.677,1.8,10.1
2024-11-28 20:32:16.707,1.8,10.1
2024-11-28 20:32:16.728,1.8,9.4
2024-11-28 20:32:16.780,1.8,9.1
2024-11-28 20:32:16.808,1.8,9.1
2024-11-28 20:32:16.827,1.8,9.1
2024-11-28 20:32:16.879,1.8,9.1
2024-11-28 20:32:16.909,1.8,9.1
2024-11-28 20:32:16.930,1.8,8.4
2024-11-28 20:32:16.978,1.8,8.4
2024-11-28 20:32:17.010,1.8,8.4
2024-11-28 20:32:17.029,1.8,7.0
2024-11-28 20:32:17.077,1.8,7.0
2024-11-28 20:32:17.110,1.8,7.0
2024-11-28 20:32:17.128,1.8,7.0
2024-11-28 20:32:17.180,1.8,7.0
2024-11-28 20:32:17.211,1.8,7.0
2024-11-28 20:32:17.228,1.8,7.0
2024-11-28 20:32:17.279,1.8,7.0
2024-11-28 20:32:17.312,1.8,7.0
2024-11-28 20:32:17.327,1.8,7.0
2024-11-28 20:32:17.379,1.8,7.0
2024-11-28 20:32:17.412,1.8,7.0
2024-11-28 20:32:17.430,1.8,7.3
2024-11-28 20:32:17.478,1.8,7.3
2024-11-28 20:32:17.513,1.8,7.3
2024-11-28 20:32:17.529,1.8,8.4
2024-11-28 20:32:17.577,1.8,8.4
2024-11-28 20:32:17.614,1.8,8.4
2024-11-28 20:32:17.629,1.8,9.4
2024-11-28 20:32:17.680,1.8,9.4
2024-11-28 20:32:17.714,1.8,9.4
2024-11-28 20:32:17.728,1.8,9.4
2024-11-28 20:32:17.779,1.8,11.2
2024-11-28 20:32:17.815,1.8,11.2
2024-11-28 20:32:17.830,1.8,12.6
2024-11-28 20:32:17.878,1.8,12.6
2024-11-28 20:32:17.916,1.8,12.6
2024-11-28 20:32:17.929,1.8,13.0
2024-11-28 20:32:17.977,1.8,13.0
2024-11-28 20:32:18.018,1.8,13.0
2024-11-28 20:32:18.028,1.8,13.3
2024-11-28 20:32:18.080,1.8,14.7
2024-11-28 20:32:18.118,1.8,14.7
2024-11-28 20:32:18.127,1.8,14.7
2024-11-28 20:32:18.179,1.8,14.7
2024-11-28 20:32:18.219,1.8,14.7
2024-11-28 20:32:18.230,1.8,14.7
2024-11-28 20:32:18.279,1.8,14.7
2024-11-28 20:32:18.320,1.8,14.7
2024-11-28 20:32:18.329,1.8,15.1
2024-11-28 20:32:18.377,1.8,15.1
2024-11-28 20:32:18.421,1.9,15.1
2024-11-28 20:32:18.428,1.9,15.4
2024-11-28 20:32:18.480,1.9,15.4
2024-11-28 20:32:18.521,1.9,15.4
2024-11-28 20:32:18.527,1.9,15.4
2024-11-28 20:32:18.579,1.9,15.4
2024-11-28 20:32:18.622,1.9,15.4
2024-11-28 20:32:18.630,1.9,15.4
2024-11-28 20:32:18.678,1.9,15.4
2024-11-28 20:32:18.723,1.9,15.4
2024-11-28 20:32:18.730,1.9,15.4
2024-11-28 20:32:18.778,1.9,15.4
2024-11-28 20:32:18.824,1.9,15.4
2024-11-28 20:32:18.829,1.9,15.4
2024-11-28 20:32:18.880,1.9,15.4
2024-11-28 20:32:18.925,1.9,15.4
2024-11-28 20:32:18.928,1.9,15.4
2024-11-28 20:32:18.980,1.9,15.1
2024-11-28 20:32:19.025,1.9,15.1
2024-11-28 20:32:19.027,1.9,15.1
2024-11-28 20:32:19.079,1.9,15.1
2024-11-28 20:32:19.126,1.9,15.1
2024-11-28 20:32:19.130,1.9,15.4
2024-11-28 20:32:19.178,1.9,15.4
2024-11-28 20:32:19.228,1.9,15.4
2024-11-28 20:32:19.229,1.9,15.8
2024-11-28 20:32:19.278,1.9,15.8
2024-11-28 20:32:19.329,1.9,17.2
2024-11-28 20:32:19.329,1.9,17.2
2024-11-28 20:32:19.380,1.9,20.0
2024-11-28 20:32:19.428,1.9,20.0
2024-11-28 20:32:19.430,1.9,20.0
2024-11-28 20:32:19.479,1.9,20.7
2024-11-28 20:32:19.527,1.9,20.7
2024-11-28 20:32:19.530,1.9,20.7
2024-11-28 20:32:19.579,1.9,22.8
2024-11-28 20:32:19.630,1.9,26.3
2024-11-28 20:32:19.631,1.9,26.3
2024-11-28 20:32:19.678,1.9,26.3
2024-11-28 20:32:19.730,1.9,26.3
2024-11-28 20:32:19.732,1.9,26.3
2024-11-28 20:32:19.777,1.9,26.3
2024-11-28 20:32:19.829,1.9,26.3
2024-11-28 20:32:19.833,1.9,26.3
2024-11-28 20:32:19.880,1.9,26.3
2024-11-28 20:32:19.928,1.9,26.3
2024-11-28 20:32:19.933,1.8,26.3
2024-11-28 20:32:19.979,1.8,26.3
2024-11-28 20:32:20.027,1.8,25.3
2024-11-28 20:32:20.034,1.9,25.3
2024-11-28 20:32:20.079,1.9,25.3
2024-11-28 20:32:20.130,1.9,23.8
2024-11-28 20:32:20.135,1.9,23.8
2024-11-28 20:32:20.180,1.9,23.5
2024-11-28 20:32:20.229,1.9,23.5
2024-11-28 20:32:20.237,1.9,23.5
2024-11-28 20:32:20.277,1.9,22.8
2024-11-28 20:32:20.328,1.9,22.8
2024-11-28 20:32:20.337,1.9,22.8
2024-11-28 20:32:20.379,1.9,21.7
2024-11-28 20:32:20.431,1.9,21.7
2024-11-28 20:32:20.438,1.9,21.7
2024-11-28 20:32:20.478,1.9,21.7
2024-11-28 20:32:20.530,1.9,21.7
2024-11-28 20:32:20.539,1.9,21.7
2024-11-28 20:32:20.581,1.9,21.7
2024-11-28 20:32:20.628,1.9,21.7
2024-11-28 20:32:20.640,1.9,21.7
2024-11-28 20:32:20.680,1.9,21.7
2024-11-28 20:32:20.728,1.9,21.7
2024-11-28 20:32:20.741,1.9,21.7
2024-11-28 20:32:20.779,1.9,21.7
2024-11-28 20:32:20.830,1.9,21.7
2024-11-28 20:32:20.843,1.9,21.7
2024-11-28 20:32:20.878,1.9,21.7
2024-11-28 20:32:20.930,1.9,21.4
2024-11-28 20:32:20.944,1.9,21.4
2024-11-28 20:32:20.977,1.9,21.4
2024-11-28 20:32:21.029,1.9,21.4
2024-11-28 20:32:21.045,1.9,21.4
2024-11-28 20:32:21.080,1.9,20.7
2024-11-28 20:32:21.128,1.9,20.7
2024-11-28 20:32:21.146,1.9,20.7
2024-11-28 20:32:21.179,1.9,20.3
2024-11-28 20:32:21.227,1.9,20.0
2024-11-28 20:32:21.246,1.9,20.0
2024-11-28 20:32:21.279,1.9,20.0
2024-11-28 20:32:21.330,1.9,20.0
2024-11-28 20:32:21.347,1.9,20.0
2024-11-28 20:32:21.378,1.9,20.0
2024-11-28 20:32:21.430,1.9,20.0
2024-11-28 20:32:21.448,1.9,20.0
2024-11-28 20:32:21.477,1.9,20.0
2024-11-28 20:32:21.529,1.9,20.0
2024-11-28 20:32:21.549,1.9,20.0
2024-11-28 20:32:21.580,1.9,20.0
2024-11-28 20:32:21.628,1.9,20.0
2024-11-28 20:32:21.650,1.9,20.0
2024-11-28 20:32:21.679,1.9,20.3
2024-11-28 20:32:21.728,1.9,21.4
2024-11-28 20:32:21.750,1.9,21.4
2024-11-28 20:32:21.778,1.9,21.4
2024-11-28 20:32:21.830,1.9,24.6
2024-11-28 20:32:21.851,1.9,24.6
2024-11-28 20:32:21.877,1.9,24.6
2024-11-28 20:32:21.928,1.9,25.3
2024-11-28 20:32:21.952,1.9,25.3
2024-11-28 20:32:21.980,1.9,27.0
2024-11-28 20:32:22.028,1.9,27.0
2024-11-28 20:32:22.053,1.9,27.0
2024-11-28 20:32:22.079,1.9,28.1
2024-11-28 20:32:22.131,1.9,28.4
2024-11-28 20:32:22.154,1.9,28.4
2024-11-28 20:32:22.178,1.9,28.4
2024-11-28 20:32:22.229,1.9,28.8
2024-11-28 20:32:22.254,1.9,28.8
2024-11-28 20:32:22.280,1.9,28.8
2024-11-28 20:32:22.328,1.9,28.8
2024-11-28 20:32:22.355,1.9,28.8
2024-11-28 20:32:22.379,1.9,28.8
2024-11-28 20:32:22.428,1.9,28.8
2024-11-28 20:32:22.456,1.9,28.8
2024-11-28 20:32:22.478,1.9,28.4
2024-11-28 20:32:22.529,1.9,28.4
2024-11-28 20:32:22.557,1.8,28.4
2024-11-28 20:32:22.577,1.8,26.7
2024-11-28 20:32:22.629,1.8,25.3
2024-11-28 20:32:22.657,1.8,25.3
2024-11-28 20:32:22.677,1.8,25.3
2024-11-28 20:32:22.729,1.8,24.9
2024-11-28 20:32:22.758,1.9,24.9
2024-11-28 20:32:22.780,1.9,22.1
2024-11-28 20:32:22.828,1.9,22.1
2024-11-28 20:32:22.859,1.9,22.1
2024-11-28 20:32:22.879,1.9,20.3
2024-11-28 20:32:22.927,1.9,20.3
2024-11-28 20:32:22.960,1.9,20.3
2024-11-28 20:32:22.979,1.9,20.0
2024-11-28 20:32:23.030,1.9,18.9
2024-11-28 20:32:23.061,1.9,18.9
2024-11-28 20:32:23.077,1.9,18.9
2024-11-28 20:32:23.129,1.9,18.9
2024-11-28 20:32:23.161,1.9,18.9
2024-11-28 20:32:23.180,1.9,18.9
2024-11-28 20:32:23.228,1.9,18.6
2024-11-28 20:32:23.262,1.9,18.6
2024-11-28 20:32:23.279,1.9,18.6
2024-11-28 20:32:23.327,1.9,18.6
2024-11-28 20:32:23.363,1.9,18.6
2024-11-28 20:32:23.379,1.9,18.2
2024-11-28 20:32:23.430,1.9,17.5
2024-11-28 20:32:23.464,1.9,17.5
2024-11-28 20:32:23.478,1.9,17.5
2024-11-28 20:32:23.529,1.9,17.2
2024-11-28 20:32:23.565,1.9,17.2
2024-11-28 20:32:23.577,1.9,17.2
2024-11-28 20:32:23.629,1.9,17.2
2024-11-28 20:32:23.666,1.9,17.2
2024-11-28 20:32:23.680,1.9,15.1
2024-11-28 20:32:23.728,1.9,15.1
2024-11-28 20:32:23.767,2.0,15.1
2024-11-28 20:32:23.779,2.0,14.7
2024-11-28 20:32:23.827,2.0,14.7
2024-11-28 20:32:23.867,2.0,14.7
2024-11-28 20:32:23.878,2.0,14.7
2024-11-28 20:32:23.930,2.0,14.7
2024-11-28 20:32:23.968,2.0,14.7
2024-11-28 20:32:23.978,2.0,14.7
2024-11-28 20:32:24.029,2.0,14.7
2024-11-28 20:32:24.069,1.9,14.7
2024-11-28 20:32:24.077,1.9,14.7
2024-11-28 20:32:24.129,1.9,14.7
2024-11-28 20:32:24.170,1.9,14.7
2024-11-28 20:32:24.180,1.9,14.7
2024-11-28 20:32:24.228,1.9,14.7
2024-11-28 20:32:24.271,1.9,14.7
2024-11-28 20:32:24.279,1.9,15.1
2024-11-28 20:32:24.327,1.9,15.1
2024-11-28 20:32:24.371,1.9,15.1
2024-11-28 20:32:24.378,1.9,15.1
2024-11-28 20:32:24.430,1.9,17.2
2024-11-28 20:32:24.472,1.9,17.2
2024-11-28 20:32:24.477,1.9,17.2
2024-11-28 20:32:24.529,1.9,19.6
2024-11-28 20:32:24.573,1.9,19.6
2024-11-28 20:32:24.580,1.9,21.7
2024-11-28 20:32:24.628,1.9,21.7
2024-11-28 20:32:24.674,1.9,21.7
2024-11-28 20:32:24.680,1.9,24.9
2024-11-28 20:32:24.728,1.9,24.9
2024-11-28 20:32:24.775,1.9,24.9
2024-11-28 20:32:24.779,1.9,28.1
2024-11-28 20:32:24.827,1.9,29.5
2024-11-28 20:32:24.875,1.9,29.5
2024-11-28 20:32:24.878,1.9,29.5
2024-11-28 20:32:24.929,1.9,29.5
2024-11-28 20:32:24.976,1.9,29.5
2024-11-28 20:32:24.977,1.9,29.5
2024-11-28 20:32:25.028,1.9,29.5
2024-11-28 20:32:25.077,1.9,29.5
2024-11-28 20:32:25.081,1.9,29.5
2024-11-28 20:32:25.128,1.9,29.5
2024-11-28 20:32:25.178,1.9,29.5
2024-11-28 20:32:25.179,1.9,29.5
2024-11-28 20:32:25.230,1.9,29.5
2024-11-28 20:32:25.277,1.9,29.5
2024-11-28 20:32:25.279,1.9,29.5
2024-11-28 20:32:25.329,1.9,29.5
2024-11-28 20:32:25.379,1.9,29.5
2024-11-28 20:32:25.380,1.9,29.5
2024-11-28 20:32:25.427,1.9,29.5
2024-11-28 20:32:25.479,1.9,28.8
2024-11-28 20:32:25.480,1.9,28.8
2024-11-28 20:32:25.530,1.9,28.8
2024-11-28 20:32:25.578,1.9,28.8
2024-11-28 20:32:25.582,1.9,28.8
2024-11-28 20:32:25.629,1.9,26.0
2024-11-28 20:32:25.678,1.9,26.0
2024-11-28 20:32:25.682,1.9,26.0
2024-11-28 20:32:25.729,1.9,22.8
2024-11-28 20:32:25.780,1.9,22.8
2024-11-28 20:32:25.783,1.9,22.8
2024-11-28 20:32:25.828,1.9,22.4
2024-11-28 20:32:25.880,1.9,20.7
2024-11-28 20:32:25.883,2.0,20.7
2024-11-28 20:32:25.927,2.0,20.7
2024-11-28 20:32:25.979,2.0,18.6
2024-11-28 20:32:25.984,2.0,18.6
2024-11-28 20:32:26.029,2.0,18.6
2024-11-28 20:32:26.077,2.0,18.6
2024-11-28 20:32:26.085,2.0,18.6
2024-11-28 20:32:26.128,2.0,18.6
2024-11-28 20:32:26.179,2.0,18.6
2024-11-28 20:32:26.186,2.0,18.6
2024-11-28 20:32:26.227,2.0,19.6
2024-11-28 20:32:26.279,2.0,19.6
2024-11-28 20:32:26.286,2.0,19.6
2024-11-28 20:32:26.330,2.0,22.8
2024-11-28 20:32:26.378,2.0,27.4
2024-11-28 20:32:26.387,1.9,27.4
2024-11-28 20:32:26.429,1.9,27.4
2024-11-28 20:32:26.480,1.9,29.5
2024-11-28 20:32:26.488,1.9,29.5
2024-11-28 20:32:26.528,1.9,29.5
2024-11-28 20:32:26.580,1.9,29.5
2024-11-28 20:32:26.589,1.9,29.5
2024-11-28 20:32:26.627,1.9,29.5
2024-11-28 20:32:26.679,1.9,29.5
2024-11-28 20:32:26.690,1.9,29.5
2024-11-28 20:32:26.730,1.9,29.5
2024-11-28 20:32:26.779,1.9,29.5
2024-11-28 20:32:26.790,1.9,29.5
2024-11-28 20:32:26.830,1.9,29.5
2024-11-28 20:32:26.878,1.9,29.5
2024-11-28 20:32:26.891,1.9,29.5
2024-11-28 20:32:26.929,1.9,29.5
2024-11-28 20:32:26.977,1.9,29.5
2024-11-28 20:32:26.992,1.9,29.5
2024-11-28 20:32:27.028,1.9,29.5
2024-11-28 20:32:27.080,1.9,29.5
2024-11-28 20:32:27.093,2.0,29.5
2024-11-28 20:32:27.127,2.0,29.5
2024-11-28 20:32:27.179,2.0,29.5
2024-11-28 20:32:27.194,2.0,29.5
2024-11-28 20:32:27.230,2.0,29.5
2024-11-28 20:32:27.278,2.0,29.5
2024-11-28 20:32:27.294,1.9,29.5
2024-11-28 20:32:27.329,1.9,29.5
2024-11-28 20:32:27.377,1.9,29.5
2024-11-28 20:32:27.396,1.9,29.5
2024-11-28 20:32:27.429,1.9,29.5
2024-11-28 20:32:27.480,1.9,29.5
2024-11-28 20:32:27.498,1.9,29.5
2024-11-28 20:32:27.528,1.9,29.5
2024-11-28 20:32:27.579,1.9,29.5
2024-11-28 20:32:27.599,1.9,29.5
2024-11-28 20:32:27.627,1.9,29.5
2024-11-28 20:32:27.679,1.9,29.5
2024-11-28 20:32:27.700,1.9,29.5
2024-11-28 20:32:27.730,1.9,29.5
2024-11-28 20:32:27.778,1.9,29.5
2024-11-28 20:32:27.801,2.0,29.5
2024-11-28 20:32:27.829,2.0,29.5
2024-11-28 20:32:27.877,2.0,29.5
2024-11-28 20:32:27.902,1.9,29.5
2024-11-28 20:32:27.928,1.9,29.5
2024-11-28 20:32:27.979,1.9,29.5
2024-11-28 20:32:28.002,1.9,29.5
2024-11-28 20:32:28.030,1.9,29.5
2024-11-28 20:32:28.078,1.9,29.5
2024-11-28 20:32:28.103,1.9,29.5
2024-11-28 20:32:28.129,1.9,29.5
2024-11-28 20:32:28.177,1.9,29.5
2024-11-28 20:32:28.204,2.0,29.5
2024-11-28 20:32:28.229,2.0,28.8
2024-11-28 20:32:28.280,2.0,28.8
2024-11-28 20:32:28.304,2.0,28.8
2024-11-28 20:32:28.327,2.0,25.3
2024-11-28 20:32:28.378,2.0,25.3
2024-11-28 20:32:28.405,2.0,25.3
2024-11-28 20:32:28.430,2.0,21.4
2024-11-28 20:32:28.506,2.0,21.4
2024-11-28 20:32:28.607,2.0,21.4
2024-11-28 20:32:28.707,2.0,21.4
2024-11-28 20:32:28.808,1.3,21.4
2024-11-28 20:32:28.909,0.8,21.4
2024-11-28 20:32:28.956,0.8,0.7
2024-11-28 20:32:29.007,0.8,0.7
2024-11-28 20:32:29.010,0.3,0.7
2024-11-28 20:32:29.054,0.3,0.7
2024-11-28 20:32:29.106,0.3,0.7
2024-11-28 20:32:29.110,0.0,0.7
2024-11-28 20:32:29.156,0.0,0.7
2024-11-28 20:32:29.208,0.0,0.7
2024-11-28 20:32:29.211,0.0,0.7
2024-11-28 20:32:29.255,0.0,0.7
2024-11-28 20:32:29.306,0.0,0.7
2024-11-28 20:32:29.312,0.0,0.7
2024-11-28 20:32:29.357,0.0,0.7
2024-11-28 20:32:29.404,0.0,0.7
2024-11-28 20:32:29.413,0.0,0.7
2024-11-28 20:32:29.455,0.0,0.7
2024-11-28 20:32:29.506,0.0,0.7
2024-11-28 20:32:29.514,0.0,0.7
2024-11-28 20:32:29.557,0.0,0.7
2024-11-28 20:32:29.604,0.0,0.7
2024-11-28 20:32:29.615,0.0,0.7
2024-11-28 20:32:29.655,0.0,0.7
2024-11-28 20:32:29.706,0.0,0.7
2024-11-28 20:32:29.716,0.0,0.7
2024-11-28 20:32:29.757,0.0,0.7
2024-11-28 20:32:29.805,0.0,0.7
2024-11-28 20:32:29.817,0.0,0.7
2024-11-28 20:32:29.856,0.0,0.7
2024-11-28 20:32:29.907,0.0,0.7
2024-11-28 20:32:29.918,0.0,0.7
2024-11-28 20:32:29.955,0.0,0.7
2024-11-28 20:32:30.006,0.0,0.7
2024-11-28 20:32:30.018,0.0,0.7
2024-11-28 20:32:30.057,0.0,0.7
2024-11-28 20:32:30.108,0.0,0.7
2024-11-28 20:32:30.119,0.0,0.7
2024-11-28 20:32:30.156,0.0,0.7
2024-11-28 20:32:30.208,0.0,0.7
2024-11-28 20:32:30.220,0.0,0.7
2024-11-28 20:32:30.255,0.0,0.7
2024-11-28 20:32:30.321,0.0,0.7
2024-11-28 20:32:30.422,0.0,0.7
2024-11-28 20:32:30.522,0.0,0.7
2024-11-28 20:32:30.623,0.0,0.7
2024-11-28 20:32:30.724,0.1,0.7
2024-11-28 20:32:30.786,0.1,-15.8
2024-11-28 20:32:30.825,0.0,-15.8
2024-11-28 20:32:30.833,0.0,-15.8
2024-11-28 20:32:30.885,0.0,-15.8
2024-11-28 20:32:30.926,0.0,-15.8
2024-11-28 20:32:30.936,0.0,-15.8
2024-11-28 20:32:30.984,0.0,-15.8
2024-11-28 20:32:31.026,0.0,-15.8
2024-11-28 20:32:31.035,0.0,-15.8
2024-11-28 20:32:31.086,0.0,-15.8
2024-11-28 20:32:31.127,0.0,-15.8
2024-11-28 20:32:31.134,0.0,-15.8
2024-11-28 20:32:31.185,0.0,-15.8
2024-11-28 20:32:31.228,0.0,-15.8
2024-11-28 20:32:31.233,0.0,-15.8
2024-11-28 20:32:31.285,0.0,-15.8
2024-11-28 20:32:31.329,0.0,-15.8
2024-11-28 20:32:31.336,0.0,-15.8
2024-11-28 20:32:31.384,0.0,-15.8
2024-11-28 20:32:31.430,0.0,-15.8
2024-11-28 20:32:31.435,0.0,-15.8
2024-11-28 20:32:31.483,0.0,-15.8
2024-11-28 20:32:31.530,0.0,-15.8
2024-11-28 20:32:31.534,0.0,-15.8
2024-11-28 20:32:31.586,0.0,-15.8
2024-11-28 20:32:31.631,0.0,-15.8
2024-11-28 20:32:31.633,0.0,-15.8
2024-11-28 20:32:31.685,0.0,-15.8
2024-11-28 20:32:31.732,0.0,-15.8
2024-11-28 20:32:31.733,0.0,-15.8
2024-11-28 20:32:31.785,0.0,-15.8
2024-11-28 20:32:31.832,0.0,-15.8
2024-11-28 20:32:31.836,0.0,-15.8
2024-11-28 20:32:31.884,0.0,-15.8
2024-11-28 20:32:31.933,0.0,-15.8
2024-11-28 20:32:31.935,0.0,-15.8
2024-11-28 20:32:31.983,0.0,-15.8
2024-11-28 20:32:32.034,0.0,-15.8
2024-11-28 20:32:32.034,0.0,-15.8
2024-11-28 20:32:32.086,0.0,-15.8
2024-11-28 20:32:32.133,0.0,-15.8
2024-11-28 20:32:32.135,0.0,-15.8
2024-11-28 20:32:32.185,0.0,-15.8
2024-11-28 20:32:32.233,0.0,-15.8
2024-11-28 20:32:32.235,0.0,-15.8
2024-11-28 20:32:32.284,0.0,-15.8
2024-11-28 20:32:32.335,0.0,-15.8
2024-11-28 20:32:32.336,0.0,-15.8
2024-11-28 20:32:32.386,0.0,-15.8
2024-11-28 20:32:32.435,0.0,-15.8
2024-11-28 20:32:32.437,0.0,-15.8
2024-11-28 20:32:32.486,0.0,-15.8
2024-11-28 20:32:32.534,0.0,-15.8
2024-11-28 20:32:32.538,0.0,-15.8
2024-11-28 20:32:32.585,0.0,-15.8
2024-11-28 20:32:32.633,0.0,-15.8
2024-11-28 20:32:32.638,0.0,-15.8
2024-11-28 20:32:32.684,0.0,-15.8
2024-11-28 20:32:32.736,0.0,-15.8
2024-11-28 20:32:32.739,0.0,-15.8
2024-11-28 20:32:32.783,0.0,-15.8
2024-11-28 20:32:32.835,0.0,-15.8
2024-11-28 20:32:32.840,0.0,-15.8
2024-11-28 20:32:32.886,0.0,-15.8
2024-11-28 20:32:32.934,0.0,-15.8
2024-11-28 20:32:32.941,0.0,-15.8
2024-11-28 20:32:32.986,0.0,-15.8
2024-11-28 20:32:33.033,0.0,-15.8
2024-11-28 20:32:33.041,0.0,-15.8
2024-11-28 20:32:33.085,0.0,-15.8
2024-11-28 20:32:33.136,0.0,-15.8
2024-11-28 20:32:33.142,0.0,-15.8
2024-11-28 20:32:33.184,0.0,-15.8
2024-11-28 20:32:33.236,0.0,-15.8
2024-11-28 20:32:33.243,0.0,-15.8
2024-11-28 20:32:33.285,0.0,-15.8
2024-11-28 20:32:33.334,0.0,-15.8
2024-11-28 20:32:33.344,0.0,-15.8
2024-11-28 20:32:33.385,0.0,-15.8
2024-11-28 20:32:33.433,0.0,-15.8
2024-11-28 20:32:33.445,0.0,-15.8
2024-11-28 20:32:33.485,0.0,-15.8
2024-11-28 20:32:33.536,0.0,-15.8
2024-11-28 20:32:33.545,0.0,-15.8
2024-11-28 20:32:33.584,0.0,-15.8
2024-11-28 20:32:33.635,0.0,-15.8
2024-11-28 20:32:33.646,0.0,-15.8
2024-11-28 20:32:33.686,0.0,-15.8
2024-11-28 20:32:33.734,0.0,-15.8
2024-11-28 20:32:33.747,0.0,-15.8
2024-11-28 20:32:33.785,0.0,-15.8
2024-11-28 20:32:33.833,0.0,-15.8
2024-11-28 20:32:33.848,0.0,-15.8
2024-11-28 20:32:33.884,0.0,-15.8
2024-11-28 20:32:33.936,0.0,-15.8
2024-11-28 20:32:33.949,0.0,-15.8
2024-11-28 20:32:33.984,0.0,-15.8
2024-11-28 20:32:34.035,0.0,-15.8
2024-11-28 20:32:34.050,0.0,-15.8
2024-11-28 20:32:34.083,0.0,-15.8
2024-11-28 20:32:34.135,0.0,-15.8
2024-11-28 20:32:34.150,0.0,-15.8
2024-11-28 20:32:34.186,0.0,-15.8
2024-11-28 20:32:34.234,0.0,-15.8
2024-11-28 20:32:34.251,0.0,-15.8
2024-11-28 20:32:34.285,0.0,-15.8
2024-11-28 20:32:34.333,0.0,-15.8
2024-11-28 20:32:34.352,0.0,-15.8
2024-11-28 20:32:34.384,0.0,-15.8
2024-11-28 20:32:34.436,0.0,-15.8
2024-11-28 20:32:34.453,0.0,-15.8
2024-11-28 20:32:34.483,0.0,-15.8
2024-11-28 20:32:34.535,0.0,-15.8
2024-11-28 20:32:34.554,0.0,-15.8
2024-11-28 20:32:34.586,0.0,-15.8
2024-11-28 20:32:34.634,0.0,-15.8
2024-11-28 20:32:34.655,0.0,-15.8
2024-11-28 20:32:34.686,0.0,-15.8
2024-11-28 20:32:34.734,0.0,-15.8
2024-11-28 20:32:34.755,0.0,-15.8
2024-11-28 20:32:34.785,0.0,-15.8
2024-11-28 20:32:34.833,0.0,-15.8
2024-11-28 20:32:34.856,0.0,-15.8
2024-11-28 20:32:34.884,0.0,-15.8
2024-11-28 20:32:34.936,0.0,-15.8
2024-11-28 20:32:34.957,0.0,-15.8
2024-11-28 20:32:34.983,0.0,-15.8
2024-11-28 20:32:35.035,0.0,-15.8
2024-11-28 20:32:35.057,0.0,-15.8
2024-11-28 20:32:35.086,0.0,-15.8
2024-11-28 20:32:35.134,0.0,-15.8
2024-11-28 20:32:35.158,0.0,-15.8
2024-11-28 20:32:35.185,0.0,-15.8
2024-11-28 20:32:35.236,0.0,-15.8
2024-11-28 20:32:35.259,0.0,-15.8
2024-11-28 20:32:35.284,0.0,-15.8
2024-11-28 20:32:35.335,0.0,-15.8
2024-11-28 20:32:35.360,0.0,-15.8
2024-11-28 20:32:35.386,0.0,-15.8
2024-11-28 20:32:35.434,0.0,-15.8
2024-11-28 20:32:35.460,0.0,-15.8
2024-11-28 20:32:35.485,0.0,-15.8
2024-11-28 20:32:35.533,0.0,-15.8
2024-11-28 20:32:35.561,0.0,-15.8
2024-11-28 20:32:35.584,0.0,-15.8
2024-11-28 20:32:35.636,0.0,-15.8
2024-11-28 20:32:35.662,0.0,-15.8
2024-11-28 20:32:35.684,0.0,-15.8
2024-11-28 20:32:35.735,0.0,-15.8
2024-11-28 20:32:35.763,0.0,-15.8
2024-11-28 20:32:35.783,0.0,-15.8
2024-11-28 20:32:35.835,0.0,-15.8
2024-11-28 20:32:35.863,0.0,-15.8
2024-11-28 20:32:35.886,0.0,-15.8
2024-11-28 20:32:35.934,0.0,-15.8
2024-11-28 20:32:35.964,0.0,-15.8
2024-11-28 20:32:35.985,0.0,-15.8
2024-11-28 20:32:36.033,0.0,-15.8
2024-11-28 20:32:36.065,0.0,-15.8
2024-11-28 20:32:36.084,0.0,-15.8
2024-11-28 20:32:36.136,0.0,-15.8
2024-11-28 20:32:36.166,0.0,-15.8
2024-11-28 20:32:36.183,0.0,-15.8
2024-11-28 20:32:36.234,0.0,-15.8
2024-11-28 20:32:36.266,0.0,-15.8
2024-11-28 20:32:36.285,0.0,-15.8
2024-11-28 20:32:36.333,0.0,-15.8
2024-11-28 20:32:36.367,0.0,-15.8
2024-11-28 20:32:36.383,0.0,-15.8
2024-11-28 20:32:36.435,0.0,-15.8
2024-11-28 20:32:36.468,0.0,-15.8
2024-11-28 20:32:36.486,0.0,-15.8
2024-11-28 20:32:36.534,0.0,-15.8
2024-11-28 20:32:36.571,0.0,-15.8
2024-11-28 20:32:36.585,0.0,-15.8
2024-11-28 20:32:36.633,0.0,-15.8
2024-11-28 20:32:36.670,0.0,-15.8
2024-11-28 20:32:36.684,0.0,-15.8
2024-11-28 20:32:36.735,0.0,-15.8
2024-11-28 20:32:36.771,0.0,-15.8
2024-11-28 20:32:36.785,0.0,-15.8
2024-11-28 20:32:36.833,0.0,-15.8
2024-11-28 20:32:36.872,0.0,-15.8
2024-11-28 20:32:36.885,0.0,-15.8
2024-11-28 20:32:36.933,0.0,-15.8
2024-11-28 20:32:36.973,0.0,-15.8
2024-11-28 20:32:36.984,0.0,-15.8
2024-11-28 20:32:37.036,0.0,-15.8
2024-11-28 20:32:37.073,0.0,-15.8
2024-11-28 20:32:37.083,0.0,-15.8
2024-11-28 20:32:37.135,0.0,-15.8
2024-11-28 20:32:37.174,0.0,-15.8
2024-11-28 20:32:37.186,0.0,-15.8
2024-11-28 20:32:37.233,0.0,-15.8
2024-11-28 20:32:37.275,0.0,-15.8
2024-11-28 20:32:37.285,0.0,-15.8
2024-11-28 20:32:37.336,0.0,-15.8
2024-11-28 20:32:37.375,0.0,-15.8
2024-11-28 20:32:37.384,0.0,-15.8
2024-11-28 20:32:37.435,0.0,-15.8
2024-11-28 20:32:37.476,0.0,-15.8
2024-11-28 20:32:37.483,0.0,-15.8
2024-11-28 20:32:37.535,0.0,-15.8
